Title,Link,pubDate,Description,Source,Tag
The Society for Conservation Biology - Wiley,https://conbio.onlinelibrary.wiley.com/doi/10.1111/csp2.12743,6/7/2022,The Society for Conservation Biology&nbsp;&nbsp;Wiley,Wiley,AI-RL
AutoML-ID: automated machine learning model for intrusion detection using wireless sensor network | Scientific Reports - Nature.com,https://www.nature.com/articles/s41598-022-13061-z,5/31/2022,AutoML-ID: automated machine learning model for intrusion detection using wireless sensor network | Scientific Reports&nbsp;&nbsp;Nature.com,Nature.com,AI-RL
Protected-area targets could be undermined by climate change-driven shifts in ecoregions and biomes | Communications Earth & Environment - Nature.com,https://www.nature.com/articles/s43247-021-00270-z,9/29/2021,Protected-area targets could be undermined by climate change-driven shifts in ecoregions and biomes | Communications Earth & Environment&nbsp;&nbsp;Nature.com,Nature.com,AI-RL
Conservation opportunities and challenges in Brazil's roadless and railroad-less areas - Science,https://www.science.org/doi/10.1126/sciadv.abi5548,3/4/2022,Conservation opportunities and challenges in Brazil's roadless and railroad-less areas&nbsp;&nbsp;Science,Science,AI-RL
"Civil Society Organizations Brief the Committee on the Elimination of Discrimination against Women on the Situation of Women in Türkiye, Portugal, Azerbaijan and Namibia - OHCHR",https://www.ohchr.org/en/press-releases/2022/06/civil-society-organizations-brief-committee-elimination-discrimination,6/13/2022,"Civil Society Organizations Brief the Committee on the Elimination of Discrimination against Women on the Situation of Women in Türkiye, Portugal, Azerbaijan and Namibia&nbsp;&nbsp;OHCHR",OHCHR,AI-RL
Biodiversity and infrastructure interact to drive tourism to and within Costa Rica | Proceedings of the National Academy of Sciences - pnas.org,https://www.pnas.org/doi/10.1073/pnas.2107662119,3/4/2022,Biodiversity and infrastructure interact to drive tourism to and within Costa Rica | Proceedings of the National Academy of Sciences&nbsp;&nbsp;pnas.org,pnas.org,AI-RL
The effects of embodying wildlife in virtual reality on conservation behaviors | Scientific Reports - Nature.com,https://www.nature.com/articles/s41598-022-10268-y,4/19/2022,The effects of embodying wildlife in virtual reality on conservation behaviors | Scientific Reports&nbsp;&nbsp;Nature.com,Nature.com,AI-RL
"Identifying conservation technology needs, barriers, and opportunities | Scientific Reports - Nature.com",https://www.nature.com/articles/s41598-022-08330-w,3/21/2022,"Identifying conservation technology needs, barriers, and opportunities | Scientific Reports&nbsp;&nbsp;Nature.com",Nature.com,AI-RL
Hanging out with bats to discover the secrets of their biology - Verve Times,https://vervetimes.com/hanging-out-with-bats-to-discover-the-secrets-of-their-biology/,6/14/2022,Hanging out with bats to discover the secrets of their biology&nbsp;&nbsp;Verve Times,Verve Times,AI-RL
Investigating the benthic megafauna in the eastern Clarion Clipperton Fracture Zone (north-east Pacific) based on distribution models predicted with random forest | Scientific Reports - Nature.com,https://www.nature.com/articles/s41598-022-12323-0,5/17/2022,Investigating the benthic megafauna in the eastern Clarion Clipperton Fracture Zone (north-east Pacific) based on distribution models predicted with random forest | Scientific Reports&nbsp;&nbsp;Nature.com,Nature.com,AI-RL
Epidural anesthesia needle guidance by forward-view endoscopic optical coherence tomography and deep learning | Scientific Reports - Nature.com,https://www.nature.com/articles/s41598-022-12950-7,5/31/2022,Epidural anesthesia needle guidance by forward-view endoscopic optical coherence tomography and deep learning | Scientific Reports&nbsp;&nbsp;Nature.com,Nature.com,AI-RL
Yellow fever surveillance suggests zoonotic and anthroponotic emergent potential | Communications Biology - Nature.com,https://www.nature.com/articles/s42003-022-03492-9,6/2/2022,Yellow fever surveillance suggests zoonotic and anthroponotic emergent potential | Communications Biology&nbsp;&nbsp;Nature.com,Nature.com,AI-RL
"Cuts to local government spending, multimorbidity and health-related quality of life: A longitudinal ecological study in England - The Lancet",https://www.thelancet.com/journals/lanepe/article/PIIS2666-7762(22)00130-2/fulltext,6/10/2022,"Cuts to local government spending, multimorbidity and health-related quality of life: A longitudinal ecological study in England&nbsp;&nbsp;The Lancet",The Lancet,AI-RL
"Community: Washington Art Association to celebrate 70 years, more news - CT Insider",https://www.ctinsider.com/newmilford/article/Community-Washington-Art-Association-to-17221181.php,6/6/2022,"Community: Washington Art Association to celebrate 70 years, more news&nbsp;&nbsp;CT Insider",CT Insider,AI-RL
Predicted wind and solar energy expansion has minimal overlap with multiple conservation priorities across global regions | Proceedings of the National Academy of Sciences - pnas.org,https://www.pnas.org/doi/10.1073/pnas.2104764119,2/28/2022,Predicted wind and solar energy expansion has minimal overlap with multiple conservation priorities across global regions | Proceedings of the National Academy of Sciences&nbsp;&nbsp;pnas.org,pnas.org,AI-RL
Seeing The Forest For The Trees - Seeking Alpha,https://seekingalpha.com/article/4515119-seeing-the-forest-for-the-trees,5/28/2022,Seeing The Forest For The Trees&nbsp;&nbsp;Seeking Alpha,Seeking Alpha,AI-RL
"Fishing activity before closure, during closure, and after reopening of the Northeast Canyons and Seamounts Marine National Monument | Scientific Reports - Nature.com",https://www.nature.com/articles/s41598-021-03394-6,1/18/2022,"Fishing activity before closure, during closure, and after reopening of the Northeast Canyons and Seamounts Marine National Monument | Scientific Reports&nbsp;&nbsp;Nature.com",Nature.com,AI-RL
AI Experts Develop Big Data Approach for Wildlife Preservation - Unite.AI,https://www.unite.ai/ai-experts-develop-big-data-approach-for-wildlife-preservation/,2/13/2022,AI Experts Develop Big Data Approach for Wildlife Preservation&nbsp;&nbsp;Unite.AI,Unite.AI,AI-RL
Food worry and mental health outcomes during the COVID-19 pandemic - BMC Public Health - BMC Public Health,https://bmcpublichealth.biomedcentral.com/articles/10.1186/s12889-022-13410-7,5/17/2022,Food worry and mental health outcomes during the COVID-19 pandemic - BMC Public Health&nbsp;&nbsp;BMC Public Health,BMC Public Health,AI-RL
"Breakfast skipping and its relationship with academic performance in Ethiopian school-aged children, 2019 - BMC Nutrition - BioMed Central",https://bmcnutr.biomedcentral.com/articles/10.1186/s40795-022-00545-4,6/1/2022,"Breakfast skipping and its relationship with academic performance in Ethiopian school-aged children, 2019 - BMC Nutrition&nbsp;&nbsp;BioMed Central",BioMed Central,AI-RL
Stressed out? Book a stay at this heat-baked oasis of calm - The Australian Financial Review,https://www.afr.com/life-and-luxury/travel/stressed-out-book-a-stay-at-this-heat-baked-oasis-of-calm-20220601-p5aq8l,6/7/2022,Stressed out? Book a stay at this heat-baked oasis of calm&nbsp;&nbsp;The Australian Financial Review,The Australian Financial Review,AI-RL
"Community: Washington Art Association Summer Solstice Festival, more news - CT Insider",https://www.ctinsider.com/newmilford/article/Community-Washington-Art-Association-Summer-17208330.php,5/31/2022,"Community: Washington Art Association Summer Solstice Festival, more news&nbsp;&nbsp;CT Insider",CT Insider,AI-RL
"Factors associated with sexual violence among waitresses working in Bahir Dar City, Ethiopia: a mixed-method study - BMC Women's Health - BioMed Central",https://bmcwomenshealth.biomedcentral.com/articles/10.1186/s12905-022-01806-x,6/6/2022,"Factors associated with sexual violence among waitresses working in Bahir Dar City, Ethiopia: a mixed-method study - BMC Women's Health&nbsp;&nbsp;BioMed Central",BioMed Central,AI-RL
India Launches National Data and Analytics Platform - OpenGov Asia,https://opengovasia.com/india-launches-national-data-and-analytics-platform/,5/18/2022,India Launches National Data and Analytics Platform&nbsp;&nbsp;OpenGov Asia,OpenGov Asia,AI-RL
